method,avg_shortfall,shortfall_std,avg_reward,completion_rate
Almgren-Chriss,0.439325271297912,8.253431899943793,-0.007434205613984652,1.0
TWAP,0.4316935211373078,8.324311645059128,-0.007404435211373075,1.0
DDPG,-0.16034329395043315,6.416080530730385,0.00044895631626893804,1.0
PPO,0.42031826931354926,8.461500264741021,-0.006873557199433749,1.0
